{"graph": {"_type": "graph-file", "path": "media/graph/graph_summary_31dadc85.graph.json", "sha256": "31dadc8507cf7cdf21d659ab760b7afb9eea6e834b500e27dbea8841078a8e04", "size": 1656}, "epoch": 10, "acc": 0.1554100066423416, "_runtime": 162.62237000465393, "loss": 0.24316275268793106, "_timestamp": 1587621238.102784, "_step": 30, "doc_train_acc": 0.6470588235294118, "doc_val_acc": 0.6764705882352942}
