{"graph": {"_type": "graph-file", "path": "media/graph/graph_summary_6f970f5c.graph.json", "sha256": "6f970f5c0bbe852559f3a8a3cb38948d1f4323d41c4c4636271cfec7b76fe923", "size": 792}, "_timestamp": 1585439363.740936, "loss": 0.8037555551528931, "val_accuracy": 0.8028658628463745, "_runtime": 1331.1199350357056, "accuracy": 0.7767530679702759, "epoch": 9, "val_loss": 0.6937390160560608, "_step": 9, "best_val_loss": 0.6937390160560608, "best_epoch": 9}
