{"graph": {"_type": "graph-file", "path": "media/graph/graph_summary_b88fefd9.graph.json", "sha256": "b88fefd9d496cbd48bfce930057acb01efacad2f4f6ae24d2f7ff0a1113cdf83", "size": 791}, "_timestamp": 1585436274.3814132, "epoch": 0, "loss": 3.5097187820233797, "_step": 0, "_runtime": 16.073069095611572, "val_accuracy": 0.8017441630363464, "val_loss": 1.5274509191513062, "accuracy": 0.12867197394371033, "best_val_loss": 1.5274509191513062, "best_epoch": 0}
