{"graph": {"_type": "graph-file", "path": "media/graph/graph_summary_b88fefd9.graph.json", "sha256": "b88fefd9d496cbd48bfce930057acb01efacad2f4f6ae24d2f7ff0a1113cdf83", "size": 791}, "_runtime": 106.52253699302673, "accuracy": 0.7735618352890015, "_step": 9, "loss": 0.9432763582781741, "epoch": 9, "val_loss": 0.811399519443512, "_timestamp": 1585436445.7795331, "val_accuracy": 0.8017441630363464, "best_val_loss": 0.7964048385620117, "best_epoch": 8}
