{"graph": {"_type": "graph-file", "path": "media/graph/graph_summary_7d81feed.graph.json", "sha256": "7d81feed020bda3e35b14f763109c7dc77ee25075e5af7298f11d4fe259a8aec", "size": 791}, "_runtime": 40.239161014556885, "_step": 2, "val_accuracy": 0.7846590876579285, "loss": 1.139014432304784, "accuracy": 0.7574760913848877, "_timestamp": 1585437526.352561, "val_loss": 0.9332465529441833, "epoch": 2, "best_val_loss": 0.9332465529441833, "best_epoch": 2}
