{"graph": {"_type": "graph-file", "path": "media/graph/graph_summary_31dadc85.graph.json", "sha256": "31dadc8507cf7cdf21d659ab760b7afb9eea6e834b500e27dbea8841078a8e04", "size": 1656}, "acc": 0.09269999712705612, "_timestamp": 1587620296.329317, "epoch": 5, "_step": 17, "_runtime": 103.15105724334717, "loss": 0.3410868227481842, "doc_train_acc": 0.5333333333333333, "doc_val_acc": 0.3}
