{"graph": {"_type": "graph-file", "path": "media/graph/graph_summary_b3e83b09.graph.json", "sha256": "b3e83b094ab0d9ac2dfb77d078f785d46f9bdce4ba469b8000fe8269f7e5838e", "size": 791}, "val_loss": 2.133768081665039, "val_accuracy": 0.8017441630363464, "_timestamp": 1585433778.492713, "_runtime": 15.972139120101929, "_step": 0, "accuracy": 0.13127295672893524, "loss": 3.5463463632684005, "epoch": 0, "best_val_loss": 2.133768081665039, "best_epoch": 0}
