{"graph": {"_type": "graph-file", "path": "media/graph/graph_summary_31dadc85.graph.json", "sha256": "31dadc8507cf7cdf21d659ab760b7afb9eea6e834b500e27dbea8841078a8e04", "size": 1656}, "acc": 0.02831999957561493, "_runtime": 10.8749680519104, "loss": 0.886051344871521, "_timestamp": 1587621027.911871, "epoch": 0, "_step": 0}
