{"graph": {"_type": "graph-file", "path": "media/graph/graph_summary_b3e83b09.graph.json", "sha256": "b3e83b094ab0d9ac2dfb77d078f785d46f9bdce4ba469b8000fe8269f7e5838e", "size": 791}, "val_loss": 0.8030210733413696, "_timestamp": 1585287792.091251, "val_accuracy": 0.8034883737564087, "accuracy": 0.7737147808074951, "_runtime": 122.61409592628479, "loss": 0.9654272041822735, "_step": 9, "epoch": 9, "best_val_loss": 0.8030210733413696, "best_epoch": 9}
