{"graph": {"_type": "graph-file", "path": "media/graph/graph_summary_b3e83b09.graph.json", "sha256": "b3e83b094ab0d9ac2dfb77d078f785d46f9bdce4ba469b8000fe8269f7e5838e", "size": 791}, "_runtime": 125.70986127853394, "val_loss": 0.7994497418403625, "loss": 0.9628352271883112, "_timestamp": 1585287243.0800462, "val_accuracy": 0.805232584476471, "epoch": 9, "accuracy": 0.7773867845535278, "_step": 9, "best_val_loss": 0.7994497418403625, "best_epoch": 9}
