{"graph": {"_type": "graph-file", "path": "media/graph/graph_summary_40d05936.graph.json", "sha256": "40d05936fec2cdef574f967d618911087e79802b245cce1d8058286365930806", "size": 792}, "val_loss": 0.9326771199703217, "epoch": 15, "val_accuracy": 0.7641158699989319, "_step": 15, "loss": 0.7960742190480232, "_timestamp": 1585443482.911469, "_runtime": 3377.0734388828278, "accuracy": 0.7706936001777649, "best_val_loss": 0.8303874135017395, "best_epoch": 14}
