{"graph": {"_type": "graph-file", "path": "media/graph/graph_summary_62105cc8.graph.json", "sha256": "62105cc80cb89496ee6c00a3cdf3799c1f4d4e1b089bb11b1394f7d313124dbb", "size": 793}, "_timestamp": 1585691537.21903, "_step": 49, "val_accuracy": 0.9460670948028564, "loss": 0.07327162439469248, "epoch": 49, "accuracy": 0.9785022735595703, "_runtime": 20674.066256046295, "val_loss": 0.25646789744496346, "best_val_loss": 0.2550216559320688, "best_epoch": 41}
