{"graph": {"_type": "graph-file", "path": "media/graph/graph_summary_b3e83b09.graph.json", "sha256": "b3e83b094ab0d9ac2dfb77d078f785d46f9bdce4ba469b8000fe8269f7e5838e", "size": 791}, "loss": 0.9612790471629092, "val_loss": 0.8052542209625244, "epoch": 9, "accuracy": 0.7752447724342346, "_runtime": 128.38522911071777, "_timestamp": 1585286706.035448, "val_accuracy": 0.804651141166687, "_step": 9, "best_val_loss": 0.8009153604507446, "best_epoch": 8}
