{"graph": {"_type": "graph-file", "path": "media/graph/graph_summary_b3e83b09.graph.json", "sha256": "b3e83b094ab0d9ac2dfb77d078f785d46f9bdce4ba469b8000fe8269f7e5838e", "size": 791}, "epoch": 2, "accuracy": 0.7447980642318726, "val_loss": 0.9585920572280884, "_runtime": 53.94224810600281, "loss": 1.2875634682805914, "_timestamp": 1585430709.065635, "_step": 2, "val_accuracy": 0.8075581192970276, "best_val_loss": 0.9585920572280884, "best_epoch": 2}
