{"graph": {"_type": "graph-file", "path": "media/graph/graph_summary_31dadc85.graph.json", "sha256": "31dadc8507cf7cdf21d659ab760b7afb9eea6e834b500e27dbea8841078a8e04", "size": 1656}, "_timestamp": 1587621531.098623, "loss": 0.21457858085632325, "_runtime": 198.52921104431152, "epoch": 12, "_step": 38, "acc": 0.20680999755859375, "doc_train_acc": 0.8378378378378378, "doc_val_acc": 0.6486486486486487}
