{"graph": {"_type": "graph-file", "path": "media/graph/graph_summary_b88fefd9.graph.json", "sha256": "b88fefd9d496cbd48bfce930057acb01efacad2f4f6ae24d2f7ff0a1113cdf83", "size": 791}, "val_accuracy": 0.8040697574615479, "accuracy": 0.12438800185918808, "epoch": 0, "_step": 0, "val_loss": 1.514931559562683, "loss": 3.5076699758830823, "_timestamp": 1585436238.941482, "_runtime": 19.57518696784973, "best_val_loss": 1.514931559562683, "best_epoch": 0}
