{"graph": {"_type": "graph-file", "path": "media/graph/graph_summary_b3e83b09.graph.json", "sha256": "b3e83b094ab0d9ac2dfb77d078f785d46f9bdce4ba469b8000fe8269f7e5838e", "size": 791}, "val_loss": 0.8531281352043152, "val_accuracy": 0.8058139681816101, "loss": 0.94778699623911, "epoch": 9, "_runtime": 132.34956121444702, "_step": 9, "accuracy": 0.7763158082962036, "_timestamp": 1585431097.9065442, "best_val_loss": 0.7961488962173462, "best_epoch": 8}
