{"graph": {"_type": "graph-file", "path": "media/graph/graph_summary_31dadc85.graph.json", "sha256": "31dadc8507cf7cdf21d659ab760b7afb9eea6e834b500e27dbea8841078a8e04", "size": 1656}, "_runtime": 145.0805788040161, "loss": 0.30499409437179564, "_step": 24, "acc": 0.12581999599933624, "_timestamp": 1587619032.323004, "epoch": 8, "doc_train_acc": 0.75, "doc_val_acc": 0.875}
