{"graph": {"_type": "graph-file", "path": "media/graph/graph_summary_31dadc85.graph.json", "sha256": "31dadc8507cf7cdf21d659ab760b7afb9eea6e834b500e27dbea8841078a8e04", "size": 1656}, "_timestamp": 1587621268.622677, "loss": 0.909996074438095, "epoch": 0, "_runtime": 19.350847005844116, "_step": 1, "acc": 0.03214000165462494, "doc_train_acc": 0.48}
