{"graph": {"_type": "graph-file", "path": "media/graph/graph_summary_b88fefd9.graph.json", "sha256": "b88fefd9d496cbd48bfce930057acb01efacad2f4f6ae24d2f7ff0a1113cdf83", "size": 791}, "epoch": 2, "_timestamp": 1585436702.27455, "val_accuracy": 0.8040697574615479, "val_loss": 0.8583084344863892, "_runtime": 38.81819701194763, "_step": 2, "accuracy": 0.7767747640609741, "loss": 1.0736162944843894, "best_val_loss": 0.8583084344863892, "best_epoch": 2}
